Prize,Code
Large,IKX64F5YCA
Large,QVD03Z33IB
Large,9QN0C2XI
Large,0VOIN59I
Large,WS22LTYP
Large,3D4EF9TY
Large,S34SUSX4
Large,96HSVQ8OUW
Large,OA32P9MX
Large,9ZHGCIPL
Large,29OW7ZSK
Large,7UV3LBUS
Large,R127NAMQ
Large,JCOSIOO3
Large,H2C185PY5J
Large,VBEWY8ZB
Large,CQ9H0H9F1K
Large,4D06OS7CU7
Large,I8BXBANFC0
Large,CKTBQAGX8L
Large,QEO4WQXR7N
Large,2ZW690VU
Large,IJLJKAFINL
Large,V274EEI0
Large,D6LCNGW3
Large,4YG7LYMA76
Large,4E3UXLSX
Large,50KJINMC
Large,DRAMPSC8
Large,QSWZJN3K
Large,Y3NG7NTE4F
Large,YSG9001Y
Large,IUXCB8H34R
Large,0O9WZ4B7
Large,KHM1FQXE4B
Large,QN1NUMKSJD
Large,3225WO9D
Large,1PAI5P9D
Large,B5SXGKQ034
Large,BR411X4ALC
Large,QUM16FUD
Large,LNE0Z2R9
Large,AXYUF3X7KX
Large,YTC2NYN5KC
Large,99642P3B
Large,2DYET871ZL
Large,O3EBUPW9
Large,I3C111HD
Large,W6CVK8YE82
Large,KHED0LJWG9
Large,A5I9PBQRXH
Large,KD3DF8HRY2
Large,NAHAZTY4
Large,TGUL3RTTNY
Large,HHSSYZCM
Large,VJ2E8SWV
Large,9CSHF8GS0V
Large,IA5VFJSY
Large,LUNB9H5C
Large,OWBU3QSS
Large,EP9UR69NLY
Large,EN2XQTFE
Large,FBXRYC94H8
Large,5GB24REL2A
Large,ZEGLTT5S
Large,CZFG3FOPPR
Large,5S25TNHG9E
Large,A3RZP8NI
Large,2YECL0RIBC
Large,XKDE8IHTVL
Large,7MT88MGILK
Large,PCLVOCICAU
Large,BB6FZJ5NG1
Large,9Y3MG06B3J
Large,CRUNGN8PGH
Large,SP2UMMKJ
Large,BAJ5IV3H
Large,FQQZNXFH
Large,ZE1LAGVL
Large,WRA92WXYOA
Large,7ARXQR7V5A
Large,R8M68VHFYH
Large,GWS21UK1EF
Large,B76H22LM
Large,G0WXOITA7X
Large,Q45JOCK034
Large,LAPK5WARZ9
Large,62KKDN9AU1
Large,XBMI6ERL
Large,24C12879ZR
Large,7NOHNHMNX1
Large,SFT1QEXL
Large,3JQNNQ1J
Large,CU6W6KRV
Large,265HB6SI
Large,71YKVDCWTX
Large,LAAJ6ZMS
Large,HL19L1KV
Large,XMFDLPYY
Large,LNLJX1N2N1
Large,EWLBWB2WPX
Large,CYCFQWW9
Large,2V1OS3VQ55
Large,Y494AKMO3P
Large,W2VQ722AUY
Large,J052UWQC1R
Large,3L07UVR1K0
Large,OYS84LWK
Large,LM8GR71L39
Large,LM5UPO7L
Large,E079012Q
Large,SQ8IYAHJIO
Large,LGYUT8EXYK
Large,WFKGNAJC
Large,P969HYF5
Large,X5YOXX2LYP
Large,BOS54X6J
Large,A4IAI9HB
Large,SUNOM4ISGG
Large,7H9C2PI5
Large,NJXPJS6K
Large,S7CLPHL5
Large,2ZTBFMKV
Large,AS7XL6R9
Large,EVW1GZDKZY
Large,S4CUPAMAAN
Large,5KXBNHZLGP
Large,K8M5YR4JAC
Large,8BJBGCQK
Large,BNARU5B2
Large,JENYOGPNEA
Large,50SHSRHK
Large,8ZJX9CA3SJ
Large,X136QR5TBW
Large,43JWFKBQ
Large,1F9Z09QG41
Large,XJ1IDW0N
Large,SGIVNQDD
Large,8SZVEDVL86
Large,OP2ZTACT
Large,YAJFOQYL
Large,2G0PNGHA
Large,SQ4A21GFP0
Large,GONK9U7GGL
Large,0PEVURM1
Large,NEX3G59E
Large,T50MV6TS
Large,T2P5LFVN
Large,XHIFBTWVI3
Large,5TE7DHFH
Large,WRRH1M8AP8
Large,20HVR9GN
Large,NZGTA9N1VE
Large,98UACV3G1W
Large,8S732V1M00
Large,IOV1AVS8KG
Large,4W7JGGG1Y3
Large,G7BEYH4W
Large,KIJWLH1PZC
Large,HLKEQJHJ1Q
Large,M711Z3YDMX
Large,3CZOJY0Q
Large,11H6ERB5
Large,O6WX0RJAGN
Large,PML8GLFN
Large,K411VZDYXD
Large,08SLQK0QX4
Large,I9J2EHFH
Large,UX41PL4022
Large,VIEWLO6UTU
Large,P85I16SPP2
Large,RW56A0FCOD
Large,N1XI68IW
Large,S5ZKXYGD
Large,F4L24WCL
Large,0VKFICVGBJ
Large,0IJ33F24
Large,CAJ24E1U
Large,BQ4QBH0G
Large,MAN7XPUR
Large,KAW1R14CUG
Large,52SDJ9T7FB
Large,T9U1BCT0
Large,A2T1WMV7
Large,4MIO8XFARU
Large,CMP6MOU594
Large,G6L6779B
Large,TYBWKY22YF
Large,VFCVCV4Q
Large,YE1EZKNWOJ
Large,I36K25EHYD
Large,6U3WTTAYOY
Large,6GOUXWA0CV
Large,G992RKOP
Large,URBQLWLXH6
Large,P6CK4B0AKH
Large,IJHN7CDDPY
Large,IEYLU15A
Large,6REXE2WV
Large,NQRLYUG4
Medium,DRIVEIAJ
Medium,XEBNRHSOP9
Medium,NQYJ981S9Y
Medium,E0TK960V
Medium,T6501ZCLIR
Medium,K13SBGLVOM
Medium,9N0KXAMZ
Medium,SHME1IFW5L
Medium,BESTEW9L
Medium,LAUE69RP
Medium,4TXH721D
Medium,VNW6R21O6N
Medium,F46R36WNDJ
Medium,VZGYLFY0
Medium,K2ZH1Y31
Medium,Y4BKCYJL
Medium,4ATY3ZHBHF
Medium,Q4KYMYMKHM
Medium,PAHZKVXKTX
Medium,V9AI7DY8
Medium,OR7ZHOXH
Medium,AYHM3EMZ
Medium,8DHCH7UY
Medium,XQPDVNGQ
Medium,LF76PNCS0N
Medium,DTAEYGQG50
Medium,24UZGTHYDC
Medium,DNCUGYBI
Medium,LH7XP7PQ
Medium,M2NXKR6X
Medium,VIV9W8XE
Medium,GIKGLU36
Medium,YU5BOGBBZL
Medium,0GSDLFCG
Medium,Q4M5IFZEAU
Medium,O3C22NR6G5
Medium,WA71G2OFU2
Medium,VFDHRIVVRC
Medium,9LEKKD80
Medium,5D1OVLCASQ
Medium,1AGNFPV9
Medium,0VCZ8V8KRE
Medium,9KSNM7ZW6X
Medium,QG7B663JUF
Medium,2RXC1YS5
Medium,LJI1D3JZTP
Medium,GVRMX5DDUU
Medium,FRI46HBIDX
Medium,3126JVR9
Medium,KJ95Q1X083
Medium,EN7J136NXR
Medium,X1XMZCDF
Medium,7M7HXITX
Medium,PZL6NWE9
Medium,7XS47JEI
Medium,RIVPUHU3
Medium,2Z96YG80
Medium,9S0L925Y
Medium,RHYWCHZ1
Medium,7NGTGCLQ
Medium,ROVCWIR9
Medium,KGIEZ1F8
Medium,5WFHR12TKG
Medium,5EYJT3MGJ7
Medium,0VNO90QB
Medium,JYN6JHNFIN
Medium,0TMLK4T7LO
Medium,RJ50SU78
Medium,SFSQYBGA
Medium,H9H82DNE
Medium,G8M9MV2M60
Medium,26K0YCQPAG
Medium,IBQ1CXDVUD
Medium,L0RQYGXJW1
Medium,0DX5JRWGNM
Medium,FTPVKOD5
Medium,M9QUEOGTKQ
Medium,JZ7UYJCWLP
Medium,2368WDNZJY
Medium,LK4QQXY2
Medium,KLYFX9S4
Medium,V1Y4NPS1
Medium,R1FTECKR
Medium,31ZUS3V1
Medium,0KLNK1WBQM
Medium,KB74UDD8
Medium,1YEN3TLC
Medium,YD7K5U8QBW
Medium,J422X698Z8
Medium,BW6WT93O
Medium,F6YE0HRL
Medium,O5MIYO4V
Medium,D9SMTPGQ
Medium,UROFN4GI
Medium,EZDUY7RNCT
Medium,JPOJ03BB
Medium,JLL8KZD2WD
Medium,70V0LSI6O9
Medium,ZO7Q4D7B
Medium,BZHBM2XL
Medium,TBQG190Z
Medium,R5SFMR0X
Medium,ZQECVNSM
Medium,H3EU88RF
Medium,4PPQMZVWIF
Medium,1YKOISYN
Medium,LUKVE5D8
Medium,5A1BM0J9BI
Medium,58F6CWGS0I
Medium,AGFM3W0IRB
Medium,RELGIXCW
Medium,76OAY4CT
Medium,RZL5ENEBQO
Medium,5EJONNB8
Medium,DNGK7LE1J1
Medium,4X878EZM
Medium,7MMWTY1NA2
Medium,26KHWVCWSQ
Medium,KACGMNNCB7
Medium,KHCB6D8P
Medium,0BTOTVLG2Y
Medium,ETRGR2PZ
Medium,6SQ3246K
Medium,90EIRZGX9N
Medium,9KOCD2BE
Medium,RZVGI72V
Medium,460URX2WZR
Medium,2ASN7SMPKZ
Medium,EEZEFPOTBJ
Medium,195ERLDD
Medium,U7CA6W0BKA
Medium,S8Z5IEAW4R
Medium,9E2834HTLM
Medium,IA2151VX
Medium,MTI55DR0BI
Medium,W0NJ5I9H8N
Medium,QPSOOAB4
Medium,RD4GXCTTU2
Medium,TQM0MK1P
Medium,N03LUKO88V
Medium,5T6MWRGFQX
Medium,HSN01G825X
Medium,K0K13FZA
Medium,UCISM4OB
Medium,WA9FV02L
Medium,1M9E1LKT2R
Medium,I0YC912Y
Medium,P9D0J5LA06
Medium,Y1JM0P8N
Medium,M3D6U8M2K2
Medium,QGH5IHOMX5
Medium,DDF2E41F
Medium,09EFGDWTIF
Medium,ZWPL2APG
Medium,GIR60HPN0T
Medium,79S01FO8
Medium,VJ21ODNR2P
Medium,9NL2X4BHYE
Medium,Z9TSQCMEB2
Medium,58RVR6OW
Medium,W820HKMA
Medium,8UB5TLO6
Medium,HS4LFK7CAM
Medium,V4RGEJJK
Medium,VR0STCPY
Medium,M8F4MF77
Medium,SVO7DTQ64A
Medium,C3266F3X
Medium,JTL222XX
Medium,UW64GLOX
Medium,N2T6GUVC
Medium,CM73OOBJ
Medium,EI74NH9IRR
Medium,KFC9Y2RS
Medium,Q9D67C5PL8
Medium,8ASYB0O3HT
Medium,LHB3B8XE
Medium,77JGSC1O
Medium,8A9JJSDG
Medium,DC0E23ZZQZ
Medium,2B45PN51
Medium,B3AMTSXP
Medium,MQKQNU0WCU
Medium,JT45VIWKDU
Medium,0979OR1ZHO
Medium,GK5K0MNAN5
Medium,PDTE2LWA20
Medium,F2H95GC6FJ
Medium,RXB3ZWQK5S
Medium,DQU674BD
Medium,ALF6Y8ZAJ1
Medium,ISGBLW1ZMA
Medium,I8EX2JFKWX
Medium,RLKYY1S1
Medium,WOO79TO5N6
Medium,DZTZ951T
Medium,Y844KP3SSR
Medium,SR8MIE1X
Medium,UPX2FYX86F
Medium,Y3WR4MV1L3
Medium,RXE1TIL6
Medium,N60P7BVWST
Medium,77W7B9XTQZ
Medium,CIGUKQBXMD
Medium,LNKOHOZAHT
Medium,SCJ4NWWZ3H
Medium,5DR9ZHCQIB
Medium,Z3Z91YBCEA
Medium,WZXD6C5R
Medium,5MZ328QC
Medium,6J7HC3DX
Medium,RSDV16U9
Medium,X28QGKFD
Medium,Z40XL1ELCF
Medium,U79MDRUCYC
Medium,YF7DZZ2W
Medium,TLL660KV
Medium,6G30W7QO
Medium,4535E2BS8H
Medium,SM85CZS22K
Medium,LO8LIV3W
Medium,VSWWBAL1
Medium,4A0GX148
Medium,1XUSLSB5
Medium,Q16HH4K2LZ
Medium,MX28EV3O
Medium,KYJBGBCL
Medium,CIB2GQHL
Medium,HZF1YF7V
Medium,CA23EXJPAL
Medium,4VZSPVAO
Medium,5DM5D15V
Medium,2Q1PFNOS
Medium,XL54R4JR
Medium,27EUXFK5
Medium,2RWQL7U3DS
Medium,NM306S1E
Medium,CL73RH4A
Medium,DT5KQ8WQTP
Medium,9HZENKQ3
Medium,CDVWOL1K
Medium,TLA7J28EY9
Medium,Z6S2GCJ9
Medium,BXC2W1Q9
Medium,QATSUDDH
Medium,F03V8RA8RR
Medium,ZOIBDHDDVQ
Medium,93CR0PLBKG
Medium,2ZRLQWVUC7
Medium,TRZE4811
Medium,O3V8NCMPFZ
Medium,C38JS0R3
Medium,1EZLBD270G
Medium,NHHEJTOU4G
Medium,HW10HOI1HG
Medium,BMBTAJ7JMB
Medium,JC1CXDCA
Medium,6R6NYX3YJR
Medium,V9LFGH68
Medium,4YZNXG2X5I
Medium,JM0OFKUT
Medium,0F798JQP4C
Medium,WITBJHTOJT
Medium,ZP6WV68H
Medium,4E8YN1AT
Medium,2QW86TLH
Medium,092JDAVRKV
Medium,01E0AWI2QJ
Medium,8QDRDTNDI2
Medium,HVTNH60B1K
Medium,FIEYXEWNA0
Medium,0LZ5IFE5S9
Medium,YKDQEGON
Medium,W7QYAKSB
Medium,L9ACVJFMZE
Medium,OE54MN6K
Medium,PHOSHL9I
Medium,WX9XV51L8M
Medium,MG2B6VQQRX
Medium,S3RDEKDYSV
Medium,NCDZLTUKCR
Medium,CPYO7KMR
Medium,MY2H5BXCZ6
Medium,S5BZ5NAN
Medium,Q7QDRH61SO
Medium,UZILT2TG
Medium,SIT7N02A
Medium,LJN0UBVW
Medium,8Q8KOZR9B0
Medium,CT4WYX19
Medium,6ZHWN6ZU3W
Medium,8AK82UK5
Medium,S8LX0DPBP2
Medium,S7LH61GLI1
Medium,GOH8QFSS
Medium,TLJS0UC2
Medium,D039LTJKUH
Medium,3UVTAD0Z5D
Medium,H1RQD8YL
Medium,U7HUWHAS
Small,NWHIFC9K
Small,WBNKEDGZGI
Small,ECDZB3GQV9
Small,HOLDJ5F8
Small,TYNFL3VH
Small,DOC9YUB7BN
Small,9BIXY3ZNGA
Small,7ADJPIO7H4
Small,E9W2W8TJ
Small,DUCI6655XM
Small,CMCNJP0E2C
Small,D5ETXDQHPL
Small,0UX1AIEA
Small,IBY3J6VQKV
Small,G4CWNYZZ
Small,QTYMKNX67G
Small,3R4UBXX9
Small,CS8IKCRG
Small,HP80PBN8
Small,31UETAP9
Small,OHO3JCYGGS
Small,QTCUZ37KNN
Small,ZCOGAD1DRY
Small,GVXA8OEKMY
Small,7V8WYE5H
Small,6GD94H93
Small,RXVXJRIM
Small,ITE066M2
Small,C1FXOF8D
Small,CUAEBGBR89
Small,0X3V71PG
Small,CQY6C7PNBS
Small,QCDU53YIGJ
Small,KKP6SFFD33
Small,KHT9WGHE
Small,JLHIJLWLI3
Small,014N6IXIVD
Small,X6TR4T93QZ
Small,5YW4FWA54E
Small,BWBNH6A76I
Small,S53H3Q6RYT
Small,KCF213VSZ6
Small,VCI99EXED5
Small,9ZRWKYLXTV
Small,JT6DE0DK2F
Small,M4UGKF0HNK
Small,YDQW6DSP
Small,NYGZBT93OO
Small,SMYT7815
Small,JG4SPRHEAK
Small,8UTKKMP3HG
Small,K5EDBUKH
Small,ZY3WPI2T
Small,JLNAA04YIE
Small,41JAOURUGQ
Small,5P8VNAPE59
Small,YCI48VAP7P
Small,N8NLFT0S9A
Small,TGPX6F99
Small,S23REZVO
Small,J9ILOJNZ
Small,JWBS254R
Small,8HM6ZPHJGM
Small,BMWV14GN
Small,H48WD12I
Small,KSLPH5G8A3
Small,PNDXNV8W6H
Small,W4BVGOAZ5Q
Small,2WQ8CJEQI8
Small,MACFMO7ZET
Small,G6RYPQ68J7
Small,584FYXD5UQ
Small,UTME2EN0
Small,7XCYAXMMMD
Small,8E7JARUK
Small,OVVK9CXT
Small,7FVMOKEUI0
Small,D0WHWKZ4MT
Small,CIRMR9YZCS
Small,G5S8TH5GOZ
Small,6BKO622PJ0
Small,RE235E7A9C
Small,JNAXFQRGZN
Small,KDJSL4ZM
Small,T0FK1H51F5
Small,TN48AK77
Small,6RFSBXVQ1S
Small,IIY7R7UD
Small,AY32ULS5
Small,DKF7QSLMCN
Small,HNUQA1G9PL
Small,D1T0THAJ
Small,OA3LLCXV85
Small,XUIABFRL
Small,JH7MNHOS09
Small,2OMFXE0H6A
Small,7OJHC1JQE8
Small,A6SLBMB4
Small,PTYHKL3972
Small,8A77CSQT
Small,8QGA30GL97
Small,IHDOFRZ3
Small,JQ9ELPM5BB
Small,7P42WVH3L1
Small,KO2WPPR0
Small,PGEE7P8TVS
Small,ATGTR2J0BR
Small,4WJQ2VTR
Small,IZXO8PGR
Small,GIBA53Q4
Small,3JL44K054E
Small,6CPTL2SUL4
Small,SAQZQFZU
Small,Q3ZU9NDJA9
Small,JCFSB79HQW
Small,V6GNB2UMEU
Small,22WGXGJQ
Small,E9LFJTRUN9
Small,RJJP4487
Small,5ELQR25K7F
Small,AFM6Y1SXUX
Small,D9VLS90GXU
Small,E36337KD23
Small,6PFVH1C7
Small,7RYWZP558W
Small,MKM8JJGG
Small,0LI0KZ4W9E
Small,36ZX5ALF
Small,NLGJJKPF
Small,ZMPXVH4QCR
Small,7AQGTUXH
Small,WY7FP2JN6S
Small,ALUCRHOR
Small,I42Q2HV9JG
Small,ERDD5R27
Small,4D2SDIYJJ7
Small,7H1KU2MYYA
Small,BT28ZRIYM7
Small,Q7XZYQXPV2
Small,MMEXKTZ4
Small,LVI1A9J9
Small,NJL86A8VRG
Small,TPJZFQH9
Small,V1C6CDNA
Small,GV9MVOZKW3
Small,B7WSJO0ZBW
Small,BECHTIE7
Small,I7ECQEQZQ6
Small,KUXLJTUAY4
Small,P2VU58X4
Small,Y0J7UJRYD6
Small,97UU07TGWB
Small,ZSYBVRGO4K
Small,DM7LBIR1IB
Small,TBIXECEV
Small,V5I4PVHXZ3
Small,9B7YAT012X
Small,WVI0N32F
Small,XXNFP2BH
Small,V6I4JGQTDP
Small,YYPD46Q8
Small,JD4XMOY1MC
Small,LYOZ4K3H
Small,9KUVAMZG
Small,86DI2UIP
Small,VEO7KETQ
Small,QLUPHOCG
Small,84N9RA1ERA
Small,0071YW609X
Small,TIYW07TB0A
Small,V5ZQ4BK4
Small,ZFBR6GHS92
Small,0QZ1BQOJ4Z
Small,JYMF3GHH
Small,ER95TZQX
Small,Y8227X4LCV
Small,ZPY2JC0WN9
Small,5XD3E6C8KD
Small,896MQFVM
Small,GMO9KZDU23
Small,FCP5GVO4
Small,7ZUWTPDI
Small,1MG2TADP
Small,PQ0LCRAVYN
Small,O8444OND
Small,NY44OSCW
Small,BY48Y1IU3O
Small,CS3O4CKPLX
Small,XCMP59XN9Y
Small,CCSHOQIWUB
Small,E6YBORL46Y
Small,LN5JY40E
Small,I4C20HPX
Small,2GYJHOK7
Small,3J9ZYJLB8O
Small,PCUQHV77Y8
Small,39VLYNOTE7
Small,4S3ZV38IST
Small,YHHE24OU
Small,C464W83AQM
Small,IDU94GENKT
Small,U1Q2AP6QDY
Small,MEAJ5C3KBN
Small,Q34DUBEI5A
Small,D9GHSLZZ
Small,H94ZSQUW
Small,SOIK1WQIDA
Small,LYXOOWPYRR
Small,XRO8RNERCK
Small,9KUPBM3X
Small,ZQXKC4PE3N
Small,GH1IIYOQOK
Small,2OPTGO8K
Small,LAMCQ0T9KF
Small,2LQ43NKZ
Small,I1NJHEAZNP
Small,7GQKHHJIHE
Small,S90V9KVVZD
Small,77AN1D6K2T
Small,UE63BSJT
Small,HWQXFTAGCU
Small,976KRHFL
Small,E1HNE2TNHO
Small,XBLWGG4Q6C
Small,KRHOCD5HCY
Small,34C9V0M169
Small,QCLXX1TDVZ
Small,IU79T2OFQY
Small,XKVPQ8ZC
Small,H9OB1IMBOR
Small,GB34OPWV
Small,5PQPEN9YH5
Small,HT40VII2ZL
Small,AN7QO206MF
Small,7P3JMMKFV0
Small,68VUB5RPHM
Small,PMO4SAKYFK
Small,47S8GQGOM1
Small,1NP6MDZ7
Small,55AAD2MM
Small,KPHIF27EJS
Small,1KHXUY6EV3
Small,N7TDP8JW
Small,1FLZ153B
Small,K17YQCGMQ8
Small,8MF3P7JH
Small,8QEGH3WX
Small,61FAO29RCF
Small,RGH24WWP7F
Small,4SDW3IJC5L
Small,R52MOCVMIS
Small,M0NVYP54
Small,SFGW1ZLV
Small,TA9HXRJL
Small,ZJUFAE7X
Small,PBYWYFX3UL
Small,57ALHNVREK
Small,S9COE0RQB1
Small,3PPBEIJS
Small,F1PZ6ENM
Small,WHON2C9RJ0
Small,AMPRVMAM
Small,U4VMALO3
Small,AJBBGB91
Small,EIIJLNGUFX
Small,SYVGJIUS1K
Small,W370TEV6UY
Small,AE663IXWHS
Small,K52H3AOYHG
Small,4YHX43XBXX
Small,A7VSYTK7H1
Small,QBACC3I5W5
Small,3YBP99NQ
Small,K8XQN1NX
Small,Y3TEZWHBQG
Small,27WT842Z1D
Small,X2U64P5BE0
Small,029E2NW0
Small,KS1I66GNQ6
Small,A6NW1P25W0
Small,W3XX24FOYR
Small,8660XLZ2AI
Small,GM4HQHQXWQ
Small,8FUW2EMR4E
Small,MKC22ZAD2Y
Small,9M3FFKNE4T
Small,7XHD7NDTUA
Small,5X5QV1YQ
Small,OT8P2QFD
Small,34U9SRIOQJ
Small,W9SQIEOH68
Small,5A1FR6JEG4
Small,JKPU8ORN1E
Small,A5AR2X68
Small,GNSU3IM8
Small,9FZOPP7EME
Small,K62PN6A9RP
Small,Q1NDAKUQ
Small,E2IIKKFYI0
Small,RN9VAEZXB6
Small,RFI68FBHSH
Small,U37T6UJ3YL
Small,S5Z0264ACC
Small,999KIAM7
Small,8AUS2G8N
Small,57BJBRTCK5
Small,0QZJ1HA6
Small,2O4FC2K1CU
Small,KENE075B
Small,JJIBD162O7
Small,5GRN6Q7XC7
Small,62FYKXUIFF
Small,KT8SSYAWMA
Small,EDCV8T295H
Small,Z9DCL3YB
Small,TZRGCF9E
Small,7E5CG34P
Small,M1TNN439OW
Small,8DR0WC0GDL
Small,7K9ZD1LQ
Small,NONMEOUVE5
Small,D0TXNQJG
Small,SFN3MT58ZF
Small,3M76GUXJ
Small,T9ISEC41
Small,JLT24EVV
Small,D1PXVYXN
Small,U5QXTRK9
Small,QZ948CIN
Small,HZ4VLQ3G
Small,7ES1Z29K92
Small,SB2MGO9QU4
Small,FUYUY892XL
Small,Y2UKW2Q0CU
Small,SEYR8U7FOT
Small,HPUXG5NS
Small,NEMWCCB9
Small,4SUEGBGP
Small,EKHJL8SJBC
Small,H0SD46QWQN
Small,DGRQN1AJYC
Small,YUR1D5TF
Small,6RKEQA4HH5
Small,XIC766G7UG
Small,1OI2URBRXH
Small,2PFJ5592
Small,MTXHJXYY
Small,OQCND8ZEVK
Small,N7UB7J4G
Small,U38R3IS3
Small,2N3TXTVY0O
Small,HS76E98SSO
Small,3TEXDI39O7
Small,A29BHN3S
Small,USRIXMW43S
Small,7X5KEZOGPQ
Small,RE6T2VU9EK
Small,0ULWYA69A0
Small,OQNNXQNL0A
Small,S5PCPR5B
Small,ZQVESXXFNN
Small,V2IWK22EAF
Small,V7H95VPC0P
Small,ZY8BVA2W7D
Small,TWMFZPCJ
Small,HDD7JSL5
Small,JB6BXJ3FXM
Small,EC231T1K1P
Small,OOIEDPPB
Small,CVELQA2LK1
Small,7OC7PPPL
Small,87FEVU9N
Small,SI6OD43067
Small,4WD2J4WD
Small,HMJ1RIC9
Small,FDWJYVA5WS
Small,2ZVWVUFN
Small,L50Q7UYT
Small,6ODDM4UIYT
Small,C6NE528W6A
Small,L0US36VS
Small,R44TJO4P
Small,S6Y5F8N8
Small,JPCHI85MPK
Small,6ZJF0P9G
Small,286FM30VC5
Small,TUTMTCKX
Small,9QWKGXW10E
Small,HRCSP5P2SO
Small,EMKGAIT5
Small,98BTH3DAR7
Small,EIIKKQXLUE
Small,PQL6D0IZUS
Small,BPA7MSCRKO
Small,YOH9Y4FF2U
Small,5OZGL7SIMN
Small,TNSECASY
Small,3S46UD6WBX
Small,0V5EUFJI
Small,NVNDCCQ8NR
